requestId,label,topic,kind,interpretiveFlag,publisherPdfPages,reviewFile,responsePdfPages,responsePrintedPages,responseLink,disposition,basis,independentReviewStatus,individualCausalEffect
mema-1570-r01,Technology-neutral standards,technology,requested_action,none,"2,4,5",comment-publisher-technology-review.json,"132,133,134","114,115,116",named_summary_collective_response,performance_based_approach_explained,EPA names MEMA's technology-neutrality position in its summary and explains numeric performance-based standards without a ZEV mandate. MEMA itself describes the proposal as attempting performance-based standards. This is not proof of a new concession or full acceptance of every requested technology/incentive. No numeric stringency comparison was performed.,pending,not_identified
mema-1570-r02,Joint Office coordination,coordination,requested_action,none,"4,26",comment-publisher-infrastructure-review.json,524,506,reproduced_request_collective_response,continued_coordination_committed_not_complete_priority_alignment,"The reproduced original-page-4 recommendation seeks alignment with the Joint Office throughout implementation. Section 2.10 commits EPA and federal partners to continued engagement and monitoring, with referrals to section 2.9 and the final preamble. This supports broad coordination alignment, not a separate named MEMA disposition, complete alignment of regulations/priorities, or verified implementation.",pending,not_identified
mema-1570-r03,Implementation-assumption monitoring,coordination,requested_action,none,4,comment-publisher-infrastructure-review.json,"518,519,524","500,501,506",reproduced_request_collective_response,monitoring_committed_not_guaranteed_assumption_fulfillment,"MEMA asks EPA to follow through on critical-material, infrastructure and milestone assumptions and take action to realize them. The final preamble specifies data collection, reports and consultation about infrastructure and battery/material supply. EPA leaves later guidance, rulemaking or no change open. Monitoring is aligned with part of the request but is not a guarantee of all assumed outcomes or an automatic standards adjustment.",pending,not_identified
mema-1570-r04,Cleaner-combustion/fuel incentives,technology,requested_action,none,"4,5,6",comment-publisher-technology-review.json,"1259,1260,1261,1262,1263,1321,1322,1323","1241,1242,1243,1244,1245,1303,1304,1305",reproduced_request_collective_response,compliance_pathways_explained_not_blanket_new_incentives,"The reproduced recommendations request cleaner-combustion/fuel incentives. EPA describes technology choices, conditional alternative-fuel tailpipe credit and GEM pathways, while declining the new H2ICE multiplier separately coded at r30. Existing eligibility, fuel approval and retained approaches do not establish a blanket new incentive or another independent policy event.",pending,not_identified
mema-1570-r05,Alternative-fuel analysis,technology,requested_action,none,5,comment-publisher-technology-review.json,"1259,1260,1261,1262,1263","1241,1242,1243,1244,1245",reproduced_request_collective_response,pathways_explained_requested_analysis_not_verified,"The original and reproduced paragraph ask for more analysis of hydrogen, ethanol, renewable natural gas and renewable diesel. The reviewed general response explains pathways and rule scope; it does not verify completion of the requested comparative analysis. Referenced regulatory-impact-analysis chapters were not independently reviewed.",pending,not_identified
mema-1570-r06,Renewable-diesel compliance option,technology,requested_action,none,5,comment-publisher-technology-review.json,"1259,1260,1261,1262,1263","1241,1242,1243,1244,1245",reproduced_request_collective_response,specific_carb_program_not_separately_adjudicated,"The original footnote and reproduced excerpt cite CARB's In-Use Off-Road Diesel-Fueled Fleets Regulation section 2449.1(f), but the later summary groups MEMA with cap-and-trade and the Low Carbon Fuel Standard. The general response explains conditional exhaust-CO2 credits and declines a lifecycle/fuel-regulatory alternative within this rule. It does not separately decide the exact cited off-road provision. Neither blanket renewable-diesel prohibition nor a new CARB-style compliance provision is established.",pending,not_identified
mema-1570-r07,Lifecycle-carbon assessment,technology,requested_action,none,"5,6",comment-publisher-technology-review.json,"1259,1260,1261,1262,1263,1321,1322,1323,1608,1609,1610,1611,1612","1241,1242,1243,1244,1245,1303,1304,1305,1590,1591,1592,1593,1594",reproduced_request_thematic_response,lifecycle_basis_declined_broader_assessment_not_verified,"MEMA asks for broader assessment of vehicle/component production and charging emissions, not only a lifecycle-based standard. Section 17.1's general response retains vehicle-based standard setting and discusses upstream attribution limitations. Section 9.3 discusses hydrogen-production comparisons and refers to RIA 4.8, which was not independently reviewed. This supports a standards-scope response, not a claim EPA ignored all upstream emissions or completed the full requested assessment.",pending,not_identified
mema-1570-r08,Four-year implementation lead,timing,requested_action,none,"6,7",comment-publisher-timing-review.json,"245,246,247,248,249","227,228,229,230,231",reproduced_request_collective_response,blanket_four_year_requirement_declined_category_specific_delays,"The section reproduces MEMA's request. Its general response rejects the claimed statutory minimum, explicitly addressing EMA rather than MEMA by name, while agreeing that some categories need more time. The final preamble retains 2027 for some vehicles and describes category-specific delays, not a uniform four-year rule.",pending,not_identified
mema-1570-r09,Transition-disruption cost accounting,timing,conditional_request,source_condition_ambiguous,7,comment-publisher-timing-review.json,"245,246,247,248,249","227,228,229,230,231",reproduced_request_no_separate_disposition_in_reviewed_response,specific_transition_cost_addition_not_verified,"The original note and agency excerpt agree on the conditional year. The complete timing response discusses reasonable costs and other commenters' cost objections, but does not separately establish addition of the specified facility, financial and scheduling burdens. Its referrals to preamble and RIA cost analyses are not a verified cost-model change.",pending,not_identified
mema-1570-r10,Battery end-of-life costs,supply_chain,requested_action,none,7,comment-publisher-supply-review.json,"791,1670,1671,1672,1673,1674,1675,1676,1677,1678,1679,1680,1681,1690,1691","773,1652,1653,1654,1655,1656,1657,1658,1659,1660,1661,1662,1663,1672,1673",reproduced_request_thematic_response,recycling_disposal_cost_addition_not_verified,"MEMA's request is reproduced twice and summarized by name. The recycling response refers to broader analysis, and the mineral-security paragraphs discuss recycling supply and funding. These passages do not establish addition of the requested recycling/disposal costs. The RIA explicitly reports a different addition: battery-replacement and ICE-rebuild purchaser costs.",pending,not_identified
mema-1570-r11,Material-availability sensitivity analysis,supply_chain,requested_action,none,8,comment-publisher-supply-review.json,"1670,1671,1672,1673,1674,1675,1676,1677,1678,1679,1680,1681","1652,1653,1654,1655,1656,1657,1658,1659,1660,1661,1662,1663",reproduced_request_collective_response,expanded_supply_scenarios_partial_method_alignment,"The collective response acknowledges uncertainty, rejects projected mineral-shortfall objections and cites a new ANL analysis. The final preamble adds BMI lithium scenarios with project-stage weighting. This partly aligns with the requested method changes, but does not verify the full scaling/confidence/sensitivity request or attribute changes to MEMA.",pending,not_identified
mema-1570-r12,Fleet infrastructure partnerships,infrastructure,requested_action,none,8,comment-publisher-remaining-review.json,"524,907,908,909,910,911,912,913","506,889,890,891,892,893,894,895",reproduced_request_thematic_response,existing_fleet_support_described_new_partnership_not_verified,"EPA describes existing grants, tax credits and stakeholder engagement. These support the infrastructure theme but do not separately verify the specific new government/fleet partnership requested by MEMA.",pending,not_identified
mema-1570-r13,Hydrogen-timeline reconciliation,infrastructure,requested_action,indirect_request,"8,9",comment-publisher-remaining-review.json,"1206,1207","1188,1189",explicit_named_response,claimed_timeline_mismatch_disputed_with_reference_reconciliation,"EPA names MEMA and distinguishes current-network figures, production scenarios and early-market actions from a requirement for a complete national network. This is a documented response disputing the claimed mismatch, not independent confirmation that the Roadmap, forecasts or actual deployment align.",pending,not_identified
mema-1570-r14,Interstate charging/refueling funding,infrastructure,requested_action,none,"9,25,26",comment-publisher-infrastructure-review.json,"524,907,908,909,910,911,912,913,991,992,993","506,889,890,891,892,893,894,895,973,974,975",reproduced_request_thematic_response,existing_programs_described_increased_targets_not_verified,"Original page 9 requests additional interstate infrastructure and increased hydrogen/DCFC funding targets. Section 2.10 commits coordination; sections 6.1 and 6.4 describe existing funding, freight-corridor planning and infrastructure investment. These passages do not establish a new allocation or increased funding target answering MEMA's request. They also do not establish no funding was awarded elsewhere.",pending,not_identified
mema-1570-r15,ATRI-study inclusion,model_inputs,requested_action,none,"9,28",comment-publisher-inputs-review.json,"1176,1177","1158,1159",reproduced_request_thematic_response,requested_study_considered_full_fleet_scope_distinguished,"The original request seeks consideration of the December 2022 ATRI infrastructure study. Its reproduced appendix map is explicitly full-fleet. Response A discusses ATA/ATRI estimates and cites that study at footnote 578, but distinguishes complete electrification from EPA's modeled rule pathway. This verifies engagement with the requested study, not adoption of its numbers as the rule's impact.",pending,not_identified
mema-1570-r16,Bidirectional fast-charging grants,infrastructure,requested_action,none,"2,9,10,23",comment-publisher-infrastructure-review.json,"907,908,909,910,911,912,913,991,992,993","889,890,891,892,893,894,895,973,974,975",named_summary_collective_response,v2g_benefits_acknowledged_funding_criterion_not_verified,"PDF 875 reproduces the specific public-purchase recommendation from original page 10. PDF 987 separately reproduces its page-9/10 rationale, not the grant criterion. Section 6.4 names MEMA among future-proofing commenters, acknowledges potential V2G benefits and says those benefits were not quantitatively included in the rule analysis. Agreement with benefits and descriptions of existing programs do not verify adoption of a DCFC/bidirectional public-funding criterion.",pending,not_identified
mema-1570-r17,ACT bus-forecast acquisition,model_inputs,requested_action,none,10,comment-publisher-inputs-review.json,"538,539,735,907,908,909,910,911,912,913","520,521,717,889,890,891,892,893,894,895",reproduced_request_no_separate_disposition_in_reviewed_responses,act_bus_report_acquisition_not_verified,"No separate disposition of the bus-report acquisition request was located in the reviewed section-6.1 response or section-3.1 sales-distribution response. Section 3.1 describes revised fleet composition in a summary naming AVE and MFN, not MEMA. The opening response paragraph on PDF 735 separately changes adoption-bin inputs from ACT Research to NREL TEMPO. Neither update establishes acquisition, use or rejection of the requested bus-market forecasts. Source-reported shares are not independently reproduced calculations.",pending,not_identified
mema-1570-r18,Public readiness dashboard,coordination,requested_action,none,"10,26",comment-publisher-infrastructure-review.json,"518,519,907,908,909,910,911,912,913,991,992,993","500,501,889,890,891,892,893,894,895,973,974,975",reproduced_request_thematic_response,monitoring_promised_dashboard_not_separately_resolved,The original-page-10 dashboard request is reproduced in section 6.1. That response promises periodic reports. The final preamble specifies collection and consultation but does not separately adopt the requested Joint Office dashboard in the compared passages. Section 6.4's public-information response begins by naming DTNA; its refusal of mandatory infrastructure reporting must not be recoded as a named refusal of MEMA's dashboard.,pending,not_identified
mema-1570-r19,Federal/state/local infrastructure coordination,coordination,requested_action,none,"11,25",comment-publisher-remaining-review.json,"524,907,908,909,910,911,912,913,991,992,993","506,889,890,891,892,893,894,895,973,974,975",reproduced_request_collective_response,coordination_committed_specific_state_local_actions_not_verified,"The request on original page 11 is reproduced. EPA commits to stakeholder engagement and describes federal coordination and corridor planning. This supports broad alignment, without verifying every state/local action or actual implementation.",pending,not_identified
mema-1570-r20,Advance utility buildout,infrastructure,requested_action,none,"11,25",comment-publisher-remaining-review.json,"907,908,909,910,911,912,913,991,992,993","889,890,891,892,893,894,895,973,974,975",reproduced_request_thematic_response,utility_planning_described_compelled_advance_buildout_not_verified,"EPA discusses investments, utility planning and anticipated demand. In these reviewed responses it does not establish a requirement compelling utilities to build ahead of demand. This is a scope-limited unresolved instrument, not a finding that no utility action occurred.",pending,not_identified
mema-1570-r21,Workforce/capital-plan alignment,coordination,requested_action,none,"2,11",comment-publisher-remaining-review.json,"524,991,992,993","506,973,974,975",reproduced_request_thematic_response,workforce_programs_described_capital_plan_alignment_not_verified,"EPA lists workforce programs and refers to employment responses. The section 6.4 workforce summary names South Coast AQMD, not MEMA. Training support does not verify alignment of workforce development and incentives with end-user capital plans; the full employment chapter and implementation records were not audited.",pending,not_identified
mema-1570-r22,Charger lifecycle standards,infrastructure,requested_action,none,11,comment-publisher-infrastructure-review.json,"907,908,909,910,911,912,913,991,992,993","889,890,891,892,893,894,895,973,974,975",reproduced_request_thematic_response,existing_standards_described_lifecycle_request_not_fully_resolved,"MEMA's original recommendation concerns national installation, operation and maintenance standards. The section-6.4 summary groups MEMA with MECA on minimum charger efficiency, while the reproduced MECA excerpt contains that specific efficiency request. The general responses cite FHWA's existing NEVI standards, reliability efforts and voluntary EnergyStar certification. These provide thematic context but do not separately establish full adoption of MEMA's broader lifecycle-standardization request.",pending,not_identified
mema-1570-r23,Charging cybersecurity standards,infrastructure,requested_action,none,"11,12",comment-publisher-infrastructure-review.json,"907,908,909,910,911,912,913,991,992,993","889,890,891,892,893,894,895,973,974,975",reproduced_request_no_separate_disposition_in_reviewed_responses,cybersecurity_policy_not_separately_resolved,"The original-page-11 EV/EVSE cybersecurity recommendation and page-12 risk reference are reproduced. The complete section-6.1 and section-6.4 general responses discuss charging availability, reliability, efficiency and coordination without a separate disposition of this cybersecurity-policy request. Reliability or V2G national-security benefits are not a cybersecurity standard. This is bounded nonresolution, not docket-wide nonresponse.",pending,not_identified
mema-1570-r24,Lightweighting input refresh,model_inputs,requested_action,none,13,comment-publisher-inputs-review.json,"1297,1298,1299","1279,1280,1281",explicit_named_response,existing_off_cycle_pathway_not_default_input_refresh,"The named response directs MEMA to an existing approval route for weight reductions not covered by the standard inputs. The proposal and April 2024 final publication retain all six later-phase wheel values and all 22 nonwheel component/material rows in Tables 6 and 8. Table headings change from Phase 2 and Phase 3 to Phase 2 and later, so this is not a byte-identical text finding. Retention is consistent with r25 but supplies neither a new grant of credits nor the requested r24 default refresh or supplier consultation.",pending,not_identified
mema-1570-r25,Lightweighting credit retention,technology,retention_position,none,13,comment-publisher-inputs-review.json,"1297,1298,1299","1279,1280,1281",named_summary_collective_response,published_weight_input_values_retained_from_proposal,"The named response directs MEMA to an existing approval route for weight reductions not covered by the standard inputs. The proposal and April 2024 final publication retain all six later-phase wheel values and all 22 nonwheel component/material rows in Tables 6 and 8. Table headings change from Phase 2 and Phase 3 to Phase 2 and later, so this is not a byte-identical text finding. Retention is consistent with r25 but supplies neither a new grant of credits nor the requested r24 default refresh or supplier consultation.",pending,not_identified
mema-1570-r26,Warranty repair-location clarification,warranty,requested_action,none,"3,13,14",comment-publisher-warranty-review.json,"1467,1468","1449,1450",explicit_named_response,agency_says_existing_provision_addresses_concern,"EPA names MEMA and points to 40 CFR 1037.125(f); this coding records EPA's explanation, not a newly granted repair right.",pending,not_identified
mema-1570-r27,Warranty component specification,warranty,requested_action,none,"3,14",comment-publisher-warranty-review.json,"1467,1468","1449,1450",named_collective_referral,clarification_with_broader_component_scope,"EPA refers the named group to III.B.2; the preamble specifies battery and associated powertrain coverage, including inverters and fuel-cell stacks. Specification does not equal the requested narrow scope.",pending,not_identified
mema-1570-r28,Wear/adjacent-component warranty exclusions,warranty,requested_action,none,14,comment-publisher-warranty-review.json,"1467,1468","1449,1450",named_collective_referral,blanket_exclusion_not_supported_by_reviewed_rule,The reviewed preamble/clauses retain broader coverage and manufacturer-defined covered failures. They do not establish a blanket wear/adjacency exception or adjudicate every example separately.,pending,not_identified
mema-1570-r29,Supplier-informed warranty exclusion list,warranty,requested_action,none,14,comment-publisher-warranty-review.json,"1467,1468","1449,1450",no_separate_disposition_in_reviewed_passages,supplier_list_process_not_separately_resolved,"The original and reproduced excerpt contain this process request; the reviewed summary, response and preamble do not separately decide it. This is not docket-wide nonresponse or rejection.",pending,not_identified
mema-1570-r30,H2ICE multiplier extension,technology,requested_action,none,"14,15",comment-publisher-technology-review.json,"1321,1322,1323,1421,1422,1423","1303,1304,1305,1403,1404,1405",explicit_named_response,new_h2ice_multiplier_declined_as_out_of_scope,"Section 9.3 explicitly disagrees with MEMA's new H2ICE multiplier request; section 10.3.1 names MEMA among the requesting organizations and declines a new multiplier because that extension was outside the reopened scope. Both scoped multiplier clauses enumerate PHEV, BEV and FCEV, not a new H2ICE multiplier. This is a documented refusal, not a missing response.",pending,not_identified
mema-1570-r31,FCEV multiplier retention,technology,retention_position,none,"14,15",comment-publisher-technology-review.json,"1421,1422,1423","1403,1404,1405",reproduced_request_collective_response,fcev_generation_retained_as_proposed_with_use_limits,"The proposal already retained the 5.5 FCEV generation multiplier through MY2027. The final generation provision retains it, but the multiplier-credit use rules restrict Phase 3 use in MY2027-2029 and prohibit certification use from MY2030. The final also retains PHEV/BEV generation through MY2027, unlike the proposed earlier phase-out; that separate change is not attributed to MEMA's FCEV retention request. Generation, use and base credits are distinct.",pending,not_identified
mema-1570-r32,H2ICE zero-CO2 treatment retention,technology,retention_position,none,15,comment-publisher-technology-review.json,"1321,1322,1323,1421,1422,1423","1303,1304,1305,1403,1404,1405",named_summary_collective_response,vehicle_zero_co2_clause_retained_as_proposed,"MEMA explicitly supports the proposed vehicle/GEM zero-CO2 treatment. Proposed and final section 1037.150(f) have the same relevant clause for neat-hydrogen vehicles, and the final preamble distinguishes vehicle certification from the engine program. This is retained proposal alignment, not a newly caused concession, a full ZEV definition, zero for all pollutants or zero for all hydrogen blends. The separate engine default is optional and has a different unit.",pending,not_identified
mema-1570-r33,Broader CARB exceptions,technology,requested_action,none,15,comment-publisher-technology-review.json,"1321,1322,1323","1303,1304,1305",named_summary_no_separate_disposition_in_reviewed_section,carb_engagement_not_separately_resolved,"The original and reproduced text ask EPA to encourage broader CARB exceptions; the section-9.3 summary names MEMA. The complete general response in that section does not separately commit to the requested state engagement. Federal testing treatment and EPA's response to CARB's own position are not this requested action. This is not docket-wide nonresponse, rejection, or proof that no interagency action occurred.",pending,not_identified
mema-1570-r34,Broader vocational duty-cycle inputs,model_inputs,requested_action,none,"14,16,17,19",comment-publisher-remaining-review.json,"557,558,565,566,567","539,540,547,548,549",reproduced_request_thematic_response,broader_sources_explained_full_requested_input_expansion_not_verified,"EPA explains that its sources cover more than utility boom trucks and defends nationwide FleetDNA, UC Riverside and MOVES data against individual-manufacturer datasets. The specific PTO change is recorded under r35. These passages do not verify adoption of all offered GPS, route, elevation and vocational datasets.",pending,not_identified
mema-1570-r35,PTO input expansion,model_inputs,requested_action,none,"16,17,20",comment-publisher-remaining-review.json,"557,558","539,540",explicit_named_response,concrete_mixer_pto_estimate_used_published_input_confirmed,"EPA explicitly says it averaged MEMA's submitted concrete-mixer range to increase PTO inputs. RIA PDF 236, printed 211, reports 42% for cement mixer/pumper in Table 2-17; PDF 237, printed 212, assigns 42% to 19C_Mix_Cl8_MP in Table 2-18. This confirms documentary input uptake, not every requested PTO expansion, implementation in an executed model, measured lobbying power or a real-world causal effect.",pending,not_identified
mema-1570-r36,Higher-power charging sensitivity,model_inputs,requested_action,none,"11,16,22",comment-publisher-remaining-review.json,"946,947,948","928,929,930",reproduced_request_thematic_response,higher_power_sensitivity_not_conducted,"The actual MEMA sensitivity request is reproduced on PDF 950. The summary and response on 946-948 instead name TRALA when discussing the same kind of sensitivity. EPA explicitly says it did not conduct the HD TRUCS sensitivity. This is thematic non-adoption of the requested analysis, not a named rejection of MEMA; no equivalence of complete MEMA and TRALA submissions is asserted.",pending,not_identified
mema-1570-r37,Dwell/charger-intention data solicitation,model_inputs,requested_action,none,16,comment-publisher-remaining-review.json,"946,947,948,981,982","928,929,930,963,964",reproduced_request_no_separate_disposition_in_reviewed_responses,public_dwell_and_intention_rfi_not_verified,"The request is reproduced, but the reviewed responses do not separately dispose of MEMA's public information solicitation. EPA reports commissioned NREL dwell-time analysis and revised charger sharing; analysis of existing data does not verify a new public RFI about dwell times and charger intentions. No rejection or docket-wide nonresponse is coded.",pending,not_identified
mema-1570-r38,Renewed technical-data consultation,procedure,requested_action,none,"16,17",comment-publisher-remaining-review.json,"557,558","539,540",explicit_named_response,second_comment_period_declined_technical_amendment_not_separately_resolved,EPA summarizes MEMA's procedural request and explicitly disagrees with opening a second comment period because additional PTO data had already been solicited. The alternative technical-amendment route in MEMA's original is not separately resolved in this response.,pending,not_identified
mema-1570-r39,Slower specialized-vehicle adoption projections,model_inputs,requested_action,none,"17,18",comment-publisher-remaining-review.json,"746,747,748","728,729,730",explicit_named_response,specialization_considered_slower_early_phasein_explained,"EPA names MEMA and explains a more gradual early phase-in, especially for heavy vocational vehicles, in light of manufacturer resources and infrastructure. This partly aligns with specialization concerns, without verifying a blanket delay for every specialized application. The broader timing change shares the existing timing-ledger comparison and is not a new independent event.",pending,not_identified
mema-1570-r40,Body-builder accessory electrification credits,technology,requested_action,none,18,comment-publisher-remaining-review.json,"209,210,557,558","191,192,539,540",thematic_response_only,existing_epto_route_described_body_builder_extension_not_verified,"The original page-18 request includes body builders and accessory electrification after chassis delivery. The reviewed responses describe existing ePTO provisions. The vehicle-application summary attributes a delegated-assembler credit request to NTEA, while PTO excerpts include Odyne. Neither is substituted for a named MEMA response. A new body-builder route or GEM feature is not verified.",pending,not_identified
mema-1570-r41,Variable-worksite fuel-option modeling,model_inputs,requested_action,none,"18,19,20",comment-publisher-remaining-review.json,601,583,named_summary_collective_response,liquid_hydrogen_not_explicitly_modeled_broader_fuel_request_unresolved,"EPA summarizes MEMA's requested liquid/renewable-fuel modeling, then states it did not explicitly model liquid hydrogen and assessed gaseous tanks instead. This resolves that component at documentary scope. It does not establish a prohibition on liquid-hydrogen compliance or separately settle every renewable fuel and variable-worksite application requested.",pending,not_identified
mema-1570-r42,Emergency-utility BEV opposition,technology,requested_action,none,19,comment-publisher-remaining-review.json,"565,566,567","547,548,549",explicit_named_response,regional_utility_adoption_limited_not_blanket_bev_exclusion,"EPA explicitly links additional regional utility-truck modeling limits to MEMA and similar comments: zero modeled ZEV adoption in MY2027 and a 14% limit in MY2030/MY2032. Urban and multi-purpose utility uses are distinguished. The 100-mile minimum range change is discussed separately in response to POET and must not be solely attributed to MEMA. These are model assumptions, not observed adoption or a blanket ban.",pending,not_identified
mema-1570-r43,Emergency custom-chassis certification extension,technology,requested_action,none,21,comment-publisher-remaining-review.json,"209,210","191,192",named_summary_collective_response,existing_eight_custom_chassis_categories_retained_extension_not_verified,"EPA names the requested emergency-category extension in its summary, then says it retains the existing eight custom-chassis categories. This does not verify the requested additional emergency category. The operative clauses and category definitions were not independently compared in this follow-up; do not turn this collective response into an explicit named refusal or infer that existing categories never cover emergency uses.",pending,not_identified
mema-1570-r44,Mission-productivity modeling,model_inputs,requested_action,none,"20,21,22",comment-publisher-remaining-review.json,"209,210,565,566,567","191,192,547,548,549",reproduced_request_no_separate_disposition_in_reviewed_responses,separate_mission_productivity_factor_not_verified,"EPA reproduces the non-emergency mission-productivity request. Its responses discuss payload, battery sizing, daily VMT, extremes and ICE alternatives but do not separately establish the requested mission-productivity factor. Related modeling changes are not evidence of full one-for-one replacement or acceptance of this specific instrument.",pending,not_identified
mema-1570-r45,Early-adopter readiness reassessment,model_inputs,requested_action,none,"22,23",comment-publisher-remaining-review.json,"209,210,946,947,948","191,192,928,929,930",reproduced_request_no_separate_disposition_in_reviewed_responses,three_application_readiness_reassessment_not_separately_resolved,"EPA reproduces the request and acknowledges depot suitability for school buses, transit buses and port drayage. The general response retains depot modeling and adds selected public charging; elsewhere it explains no separate drayage standard. These passages do not separately verify the requested reassessment for all three advanced applications or assign resulting changes to MEMA.",pending,not_identified
mema-1570-r46,AB2127 implementation review,procedure,requested_action,none,25,comment-publisher-remaining-review.json,"524,907,908,909,910,911,912,913,991,992,993","506,889,890,891,892,893,894,895,973,974,975",appendix_reference_only_thematic_response,ab2127_program_review_not_verified,PDF 877 points readers to MEMA Appendix 2 on original pages 24-26 without reproducing the page-25 AB2127 recommendation. Coordination and best-practice discussion in reviewed responses does not verify review of that specific program. A CARB footnote to AB2127 is not a MEMA request-response match.,pending,not_identified
mema-1570-r47,State MHDV charging requirements,infrastructure,requested_action,none,26,comment-publisher-remaining-review.json,"907,908,909,910,911,912,913,991,992,993","889,890,891,892,893,894,895,973,974,975",appendix_reference_only_thematic_response,state_mhdv_charging_requirements_not_verified,"The actual request appears on original page 26; PDF 877 only refers to Appendix 2. EPA discusses distinct HD charging needs, existing NEVI programs and state guidance, including that states need not use NEVI funds for HD charging. These responses do not verify new EPA charging requirements for ACT and non-ACT states.",pending,not_identified
mema-1570-r48,FHWA truck/bus charging guidance,infrastructure,requested_action,none,26,comment-publisher-remaining-review.json,"907,908,909,910,911,912,913,991,992,993","889,890,891,892,893,894,895,973,974,975",appendix_reference_only_thematic_response,existing_fhwa_guidance_described_new_epa_guidance_not_verified,The actual request appears on original page 26; PDF 877 only refers to Appendix 2. EPA describes existing FHWA guidance encouraging future HD needs and a 2023 rule that does not specifically accommodate HD charging. This is not verification of new EPA-provided truck/bus guidance or of MEMA causing the already-existing guidance.,pending,not_identified
