reviewId,canonicalActorId,candidateRecordId,sourceSystem,issueCode,decision,errorType,notes,reviewer,reviewDate,confidenceScore
false-match-reviewed-0001,cand-00423245e785,521399806,IRS/ProPublica dark-money bridge,reviewed-democracy,accepted,true_positive_exact_identifier,"accepted exact-ID cross-venue evidence; not a causal panel clearance; reviewed exact-identifier slice from cross-venue adjudication; broader source-product, source-readiness, and calibrated policy-simulation gates remain blocked until row-count, issue-comparability, false-match, and observed pre/post comparison requirements pass",codex-source-audit,2026-06-28,0.9500
false-match-reviewed-0002,cand-00423245e785,521399806,Intermediary bridge,reviewed-democracy,accepted,true_positive_exact_identifier,"accepted exact-ID cross-venue evidence; not a causal panel clearance; reviewed exact-identifier slice from cross-venue adjudication; broader source-product, source-readiness, and calibrated policy-simulation gates remain blocked until row-count, issue-comparability, false-match, and observed pre/post comparison requirements pass",codex-source-audit,2026-06-28,0.9500
false-match-reviewed-0003,cand-03b59df7486d,410659918,IRS/ProPublica dark-money bridge,reviewed-democracy,accepted,true_positive_exact_identifier,"accepted exact-ID cross-venue evidence; not a causal panel clearance; reviewed exact-identifier slice from cross-venue adjudication; broader source-product, source-readiness, and calibrated policy-simulation gates remain blocked until row-count, issue-comparability, false-match, and observed pre/post comparison requirements pass",codex-source-audit,2026-06-28,0.9500
false-match-reviewed-0004,cand-03b59df7486d,410659918,Intermediary bridge,reviewed-democracy,accepted,true_positive_exact_identifier,"accepted exact-ID cross-venue evidence; not a causal panel clearance; reviewed exact-identifier slice from cross-venue adjudication; broader source-product, source-readiness, and calibrated policy-simulation gates remain blocked until row-count, issue-comparability, false-match, and observed pre/post comparison requirements pass",codex-source-audit,2026-06-28,0.9500
false-match-reviewed-0005,cand-0466e4403f64,474908678,IRS/ProPublica dark-money bridge,reviewed-democracy,accepted,true_positive_exact_identifier,"accepted exact-ID cross-venue evidence; not a causal panel clearance; reviewed exact-identifier slice from cross-venue adjudication; broader source-product, source-readiness, and calibrated policy-simulation gates remain blocked until row-count, issue-comparability, false-match, and observed pre/post comparison requirements pass",codex-source-audit,2026-06-28,0.9500
false-match-reviewed-0006,cand-0466e4403f64,474908678,Intermediary bridge,reviewed-democracy,accepted,true_positive_exact_identifier,"accepted exact-ID cross-venue evidence; not a causal panel clearance; reviewed exact-identifier slice from cross-venue adjudication; broader source-product, source-readiness, and calibrated policy-simulation gates remain blocked until row-count, issue-comparability, false-match, and observed pre/post comparison requirements pass",codex-source-audit,2026-06-28,0.9500
false-match-reviewed-0007,cand-04d52943108f,521219782,IRS/ProPublica dark-money bridge,reviewed-democracy,accepted,true_positive_exact_identifier,"accepted exact-ID cross-venue evidence; not a causal panel clearance; reviewed exact-identifier slice from cross-venue adjudication; broader source-product, source-readiness, and calibrated policy-simulation gates remain blocked until row-count, issue-comparability, false-match, and observed pre/post comparison requirements pass",codex-source-audit,2026-06-28,0.9500
false-match-reviewed-0008,cand-04d52943108f,521219782,Intermediary bridge,reviewed-democracy,accepted,true_positive_exact_identifier,"accepted exact-ID cross-venue evidence; not a causal panel clearance; reviewed exact-identifier slice from cross-venue adjudication; broader source-product, source-readiness, and calibrated policy-simulation gates remain blocked until row-count, issue-comparability, false-match, and observed pre/post comparison requirements pass",codex-source-audit,2026-06-28,0.9500
false-match-reviewed-0009,cand-0654f97b5a4a,520975324,IRS/ProPublica dark-money bridge,reviewed-democracy,accepted,true_positive_exact_identifier,"accepted exact-ID cross-venue evidence; not a causal panel clearance; reviewed exact-identifier slice from cross-venue adjudication; broader source-product, source-readiness, and calibrated policy-simulation gates remain blocked until row-count, issue-comparability, false-match, and observed pre/post comparison requirements pass",codex-source-audit,2026-06-28,0.9500
false-match-reviewed-0010,cand-0654f97b5a4a,520975324,Intermediary bridge,reviewed-democracy,accepted,true_positive_exact_identifier,"accepted exact-ID cross-venue evidence; not a causal panel clearance; reviewed exact-identifier slice from cross-venue adjudication; broader source-product, source-readiness, and calibrated policy-simulation gates remain blocked until row-count, issue-comparability, false-match, and observed pre/post comparison requirements pass",codex-source-audit,2026-06-28,0.9500
false-match-reviewed-0011,cand-0678168fbf9b,043809491,IRS/ProPublica dark-money bridge,reviewed-democracy,accepted,true_positive_exact_identifier,"accepted exact-ID cross-venue evidence; not a causal panel clearance; reviewed exact-identifier slice from cross-venue adjudication; broader source-product, source-readiness, and calibrated policy-simulation gates remain blocked until row-count, issue-comparability, false-match, and observed pre/post comparison requirements pass",codex-source-audit,2026-06-28,0.9500
false-match-reviewed-0012,cand-0678168fbf9b,043809491,Intermediary bridge,reviewed-democracy,accepted,true_positive_exact_identifier,"accepted exact-ID cross-venue evidence; not a causal panel clearance; reviewed exact-identifier slice from cross-venue adjudication; broader source-product, source-readiness, and calibrated policy-simulation gates remain blocked until row-count, issue-comparability, false-match, and observed pre/post comparison requirements pass",codex-source-audit,2026-06-28,0.9500
false-match-reviewed-0013,cand-067ab1f0b704,361589720,IRS/ProPublica dark-money bridge,reviewed-democracy,accepted,true_positive_exact_identifier,"accepted exact-ID cross-venue evidence; not a causal panel clearance; reviewed exact-identifier slice from cross-venue adjudication; broader source-product, source-readiness, and calibrated policy-simulation gates remain blocked until row-count, issue-comparability, false-match, and observed pre/post comparison requirements pass",codex-source-audit,2026-06-28,0.9500
false-match-reviewed-0014,cand-067ab1f0b704,361589720,Intermediary bridge,reviewed-democracy,accepted,true_positive_exact_identifier,"accepted exact-ID cross-venue evidence; not a causal panel clearance; reviewed exact-identifier slice from cross-venue adjudication; broader source-product, source-readiness, and calibrated policy-simulation gates remain blocked until row-count, issue-comparability, false-match, and observed pre/post comparison requirements pass",codex-source-audit,2026-06-28,0.9500
false-match-reviewed-0015,cand-07356898065b,520230814,IRS/ProPublica dark-money bridge,reviewed-democracy,accepted,true_positive_exact_identifier,"accepted exact-ID cross-venue evidence; not a causal panel clearance; reviewed exact-identifier slice from cross-venue adjudication; broader source-product, source-readiness, and calibrated policy-simulation gates remain blocked until row-count, issue-comparability, false-match, and observed pre/post comparison requirements pass",codex-source-audit,2026-06-28,0.9500
false-match-reviewed-0016,cand-07356898065b,520230814,Intermediary bridge,reviewed-democracy,accepted,true_positive_exact_identifier,"accepted exact-ID cross-venue evidence; not a causal panel clearance; reviewed exact-identifier slice from cross-venue adjudication; broader source-product, source-readiness, and calibrated policy-simulation gates remain blocked until row-count, issue-comparability, false-match, and observed pre/post comparison requirements pass",codex-source-audit,2026-06-28,0.9500
false-match-reviewed-0017,cand-079e026b538d,521088411,IRS/ProPublica dark-money bridge,reviewed-democracy,accepted,true_positive_exact_identifier,"accepted exact-ID cross-venue evidence; not a causal panel clearance; reviewed exact-identifier slice from cross-venue adjudication; broader source-product, source-readiness, and calibrated policy-simulation gates remain blocked until row-count, issue-comparability, false-match, and observed pre/post comparison requirements pass",codex-source-audit,2026-06-28,0.9500
false-match-reviewed-0018,cand-079e026b538d,521088411,Intermediary bridge,reviewed-democracy,accepted,true_positive_exact_identifier,"accepted exact-ID cross-venue evidence; not a causal panel clearance; reviewed exact-identifier slice from cross-venue adjudication; broader source-product, source-readiness, and calibrated policy-simulation gates remain blocked until row-count, issue-comparability, false-match, and observed pre/post comparison requirements pass",codex-source-audit,2026-06-28,0.9500
false-match-reviewed-0019,cand-07ce6b3e4f19,521349816,IRS/ProPublica dark-money bridge,reviewed-democracy,accepted,true_positive_exact_identifier,"accepted exact-ID cross-venue evidence; not a causal panel clearance; reviewed exact-identifier slice from cross-venue adjudication; broader source-product, source-readiness, and calibrated policy-simulation gates remain blocked until row-count, issue-comparability, false-match, and observed pre/post comparison requirements pass",codex-source-audit,2026-06-28,0.9500
false-match-reviewed-0020,cand-07ce6b3e4f19,521349816,Intermediary bridge,reviewed-democracy,accepted,true_positive_exact_identifier,"accepted exact-ID cross-venue evidence; not a causal panel clearance; reviewed exact-identifier slice from cross-venue adjudication; broader source-product, source-readiness, and calibrated policy-simulation gates remain blocked until row-count, issue-comparability, false-match, and observed pre/post comparison requirements pass",codex-source-audit,2026-06-28,0.9500
false-match-reviewed-0021,cand-08cb26682005,237183380,IRS/ProPublica dark-money bridge,reviewed-democracy,accepted,true_positive_exact_identifier,"accepted exact-ID cross-venue evidence; not a causal panel clearance; reviewed exact-identifier slice from cross-venue adjudication; broader source-product, source-readiness, and calibrated policy-simulation gates remain blocked until row-count, issue-comparability, false-match, and observed pre/post comparison requirements pass",codex-source-audit,2026-06-28,0.9500
false-match-reviewed-0022,cand-08cb26682005,237183380,Intermediary bridge,reviewed-democracy,accepted,true_positive_exact_identifier,"accepted exact-ID cross-venue evidence; not a causal panel clearance; reviewed exact-identifier slice from cross-venue adjudication; broader source-product, source-readiness, and calibrated policy-simulation gates remain blocked until row-count, issue-comparability, false-match, and observed pre/post comparison requirements pass",codex-source-audit,2026-06-28,0.9500
false-match-reviewed-0023,cand-08d64d221941,411596217,IRS/ProPublica dark-money bridge,reviewed-democracy,accepted,true_positive_exact_identifier,"accepted exact-ID cross-venue evidence; not a causal panel clearance; reviewed exact-identifier slice from cross-venue adjudication; broader source-product, source-readiness, and calibrated policy-simulation gates remain blocked until row-count, issue-comparability, false-match, and observed pre/post comparison requirements pass",codex-source-audit,2026-06-28,0.9500
false-match-reviewed-0024,cand-08d64d221941,411596217,Intermediary bridge,reviewed-democracy,accepted,true_positive_exact_identifier,"accepted exact-ID cross-venue evidence; not a causal panel clearance; reviewed exact-identifier slice from cross-venue adjudication; broader source-product, source-readiness, and calibrated policy-simulation gates remain blocked until row-count, issue-comparability, false-match, and observed pre/post comparison requirements pass",codex-source-audit,2026-06-28,0.9500
false-match-reviewed-0025,cand-08d8a12e7fe4,521091972,IRS/ProPublica dark-money bridge,reviewed-democracy,accepted,true_positive_exact_identifier,"accepted exact-ID cross-venue evidence; not a causal panel clearance; reviewed exact-identifier slice from cross-venue adjudication; broader source-product, source-readiness, and calibrated policy-simulation gates remain blocked until row-count, issue-comparability, false-match, and observed pre/post comparison requirements pass",codex-source-audit,2026-06-28,0.9500
false-match-reviewed-0026,cand-08d8a12e7fe4,521091972,Intermediary bridge,reviewed-democracy,accepted,true_positive_exact_identifier,"accepted exact-ID cross-venue evidence; not a causal panel clearance; reviewed exact-identifier slice from cross-venue adjudication; broader source-product, source-readiness, and calibrated policy-simulation gates remain blocked until row-count, issue-comparability, false-match, and observed pre/post comparison requirements pass",codex-source-audit,2026-06-28,0.9500
false-match-reviewed-0027,cand-08f25d003690,136163824,IRS/ProPublica dark-money bridge,reviewed-democracy,accepted,true_positive_exact_identifier,"accepted exact-ID cross-venue evidence; not a causal panel clearance; reviewed exact-identifier slice from cross-venue adjudication; broader source-product, source-readiness, and calibrated policy-simulation gates remain blocked until row-count, issue-comparability, false-match, and observed pre/post comparison requirements pass",codex-source-audit,2026-06-28,0.9500
false-match-reviewed-0028,cand-08f25d003690,136163824,Intermediary bridge,reviewed-democracy,accepted,true_positive_exact_identifier,"accepted exact-ID cross-venue evidence; not a causal panel clearance; reviewed exact-identifier slice from cross-venue adjudication; broader source-product, source-readiness, and calibrated policy-simulation gates remain blocked until row-count, issue-comparability, false-match, and observed pre/post comparison requirements pass",codex-source-audit,2026-06-28,0.9500
false-match-reviewed-0029,cand-0920cb1e8919,521565676,IRS/ProPublica dark-money bridge,reviewed-democracy,accepted,true_positive_exact_identifier,"accepted exact-ID cross-venue evidence; not a causal panel clearance; reviewed exact-identifier slice from cross-venue adjudication; broader source-product, source-readiness, and calibrated policy-simulation gates remain blocked until row-count, issue-comparability, false-match, and observed pre/post comparison requirements pass",codex-source-audit,2026-06-28,0.9500
false-match-reviewed-0030,cand-0920cb1e8919,521565676,Intermediary bridge,reviewed-democracy,accepted,true_positive_exact_identifier,"accepted exact-ID cross-venue evidence; not a causal panel clearance; reviewed exact-identifier slice from cross-venue adjudication; broader source-product, source-readiness, and calibrated policy-simulation gates remain blocked until row-count, issue-comparability, false-match, and observed pre/post comparison requirements pass",codex-source-audit,2026-06-28,0.9500
false-match-reviewed-0031,cand-092f257e1894,521499360,IRS/ProPublica dark-money bridge,reviewed-democracy,accepted,true_positive_exact_identifier,"accepted exact-ID cross-venue evidence; not a causal panel clearance; reviewed exact-identifier slice from cross-venue adjudication; broader source-product, source-readiness, and calibrated policy-simulation gates remain blocked until row-count, issue-comparability, false-match, and observed pre/post comparison requirements pass",codex-source-audit,2026-06-28,0.9500
false-match-reviewed-0032,cand-092f257e1894,521499360,Intermediary bridge,reviewed-democracy,accepted,true_positive_exact_identifier,"accepted exact-ID cross-venue evidence; not a causal panel clearance; reviewed exact-identifier slice from cross-venue adjudication; broader source-product, source-readiness, and calibrated policy-simulation gates remain blocked until row-count, issue-comparability, false-match, and observed pre/post comparison requirements pass",codex-source-audit,2026-06-28,0.9500
false-match-reviewed-0033,cand-0a6c913a83b0,203027881,IRS/ProPublica dark-money bridge,reviewed-democracy,accepted,true_positive_exact_identifier,"accepted exact-ID cross-venue evidence; not a causal panel clearance; reviewed exact-identifier slice from cross-venue adjudication; broader source-product, source-readiness, and calibrated policy-simulation gates remain blocked until row-count, issue-comparability, false-match, and observed pre/post comparison requirements pass",codex-source-audit,2026-06-28,0.9500
false-match-reviewed-0034,cand-0a6c913a83b0,203027881,Intermediary bridge,reviewed-democracy,accepted,true_positive_exact_identifier,"accepted exact-ID cross-venue evidence; not a causal panel clearance; reviewed exact-identifier slice from cross-venue adjudication; broader source-product, source-readiness, and calibrated policy-simulation gates remain blocked until row-count, issue-comparability, false-match, and observed pre/post comparison requirements pass",codex-source-audit,2026-06-28,0.9500
false-match-reviewed-0035,cand-0b37409f13f4,205325447,IRS/ProPublica dark-money bridge,reviewed-procurement,accepted,true_positive_exact_identifier,"accepted exact-ID cross-venue evidence; not a causal panel clearance; reviewed exact-identifier slice from cross-venue adjudication; broader source-product, source-readiness, and calibrated policy-simulation gates remain blocked until row-count, issue-comparability, false-match, and observed pre/post comparison requirements pass",codex-source-audit,2026-06-28,0.9500
false-match-reviewed-0036,cand-0b37409f13f4,205325447,Intermediary bridge,reviewed-procurement,accepted,true_positive_exact_identifier,"accepted exact-ID cross-venue evidence; not a causal panel clearance; reviewed exact-identifier slice from cross-venue adjudication; broader source-product, source-readiness, and calibrated policy-simulation gates remain blocked until row-count, issue-comparability, false-match, and observed pre/post comparison requirements pass",codex-source-audit,2026-06-28,0.9500
false-match-reviewed-0037,cand-0b4f3fdf9171,473408517,IRS/ProPublica dark-money bridge,reviewed-democracy,accepted,true_positive_exact_identifier,"accepted exact-ID cross-venue evidence; not a causal panel clearance; reviewed exact-identifier slice from cross-venue adjudication; broader source-product, source-readiness, and calibrated policy-simulation gates remain blocked until row-count, issue-comparability, false-match, and observed pre/post comparison requirements pass",codex-source-audit,2026-06-28,0.9500
false-match-reviewed-0038,cand-0b4f3fdf9171,473408517,Intermediary bridge,reviewed-democracy,accepted,true_positive_exact_identifier,"accepted exact-ID cross-venue evidence; not a causal panel clearance; reviewed exact-identifier slice from cross-venue adjudication; broader source-product, source-readiness, and calibrated policy-simulation gates remain blocked until row-count, issue-comparability, false-match, and observed pre/post comparison requirements pass",codex-source-audit,2026-06-28,0.9500
false-match-reviewed-0039,cand-0f1b19bdafdd,352317275,IRS/ProPublica dark-money bridge,reviewed-democracy,accepted,true_positive_exact_identifier,"accepted exact-ID cross-venue evidence; not a causal panel clearance; reviewed exact-identifier slice from cross-venue adjudication; broader source-product, source-readiness, and calibrated policy-simulation gates remain blocked until row-count, issue-comparability, false-match, and observed pre/post comparison requirements pass",codex-source-audit,2026-06-28,0.9500
false-match-reviewed-0040,cand-0f1b19bdafdd,352317275,Intermediary bridge,reviewed-democracy,accepted,true_positive_exact_identifier,"accepted exact-ID cross-venue evidence; not a causal panel clearance; reviewed exact-identifier slice from cross-venue adjudication; broader source-product, source-readiness, and calibrated policy-simulation gates remain blocked until row-count, issue-comparability, false-match, and observed pre/post comparison requirements pass",codex-source-audit,2026-06-28,0.9500
false-match-reviewed-0041,cand-1032eaf31afb,260170284,IRS/ProPublica dark-money bridge,reviewed-democracy,accepted,true_positive_exact_identifier,"accepted exact-ID cross-venue evidence; not a causal panel clearance; reviewed exact-identifier slice from cross-venue adjudication; broader source-product, source-readiness, and calibrated policy-simulation gates remain blocked until row-count, issue-comparability, false-match, and observed pre/post comparison requirements pass",codex-source-audit,2026-06-28,0.9500
false-match-reviewed-0042,cand-1032eaf31afb,260170284,Intermediary bridge,reviewed-democracy,accepted,true_positive_exact_identifier,"accepted exact-ID cross-venue evidence; not a causal panel clearance; reviewed exact-identifier slice from cross-venue adjudication; broader source-product, source-readiness, and calibrated policy-simulation gates remain blocked until row-count, issue-comparability, false-match, and observed pre/post comparison requirements pass",codex-source-audit,2026-06-28,0.9500
false-match-reviewed-0043,cand-1086fcbf035f,521557554,IRS/ProPublica dark-money bridge,reviewed-democracy,accepted,true_positive_exact_identifier,"accepted exact-ID cross-venue evidence; not a causal panel clearance; reviewed exact-identifier slice from cross-venue adjudication; broader source-product, source-readiness, and calibrated policy-simulation gates remain blocked until row-count, issue-comparability, false-match, and observed pre/post comparison requirements pass",codex-source-audit,2026-06-28,0.9500
false-match-reviewed-0044,cand-1086fcbf035f,521557554,Intermediary bridge,reviewed-democracy,accepted,true_positive_exact_identifier,"accepted exact-ID cross-venue evidence; not a causal panel clearance; reviewed exact-identifier slice from cross-venue adjudication; broader source-product, source-readiness, and calibrated policy-simulation gates remain blocked until row-count, issue-comparability, false-match, and observed pre/post comparison requirements pass",codex-source-audit,2026-06-28,0.9500
false-match-reviewed-0045,cand-10bfcc576140,350830295,IRS/ProPublica dark-money bridge,reviewed-democracy,accepted,true_positive_exact_identifier,"accepted exact-ID cross-venue evidence; not a causal panel clearance; reviewed exact-identifier slice from cross-venue adjudication; broader source-product, source-readiness, and calibrated policy-simulation gates remain blocked until row-count, issue-comparability, false-match, and observed pre/post comparison requirements pass",codex-source-audit,2026-06-28,0.9500
false-match-reviewed-0046,cand-10bfcc576140,350830295,Intermediary bridge,reviewed-democracy,accepted,true_positive_exact_identifier,"accepted exact-ID cross-venue evidence; not a causal panel clearance; reviewed exact-identifier slice from cross-venue adjudication; broader source-product, source-readiness, and calibrated policy-simulation gates remain blocked until row-count, issue-comparability, false-match, and observed pre/post comparison requirements pass",codex-source-audit,2026-06-28,0.9500
false-match-reviewed-0047,cand-111b16cca8db,201320884,IRS/ProPublica dark-money bridge,reviewed-democracy,accepted,true_positive_exact_identifier,"accepted exact-ID cross-venue evidence; not a causal panel clearance; reviewed exact-identifier slice from cross-venue adjudication; broader source-product, source-readiness, and calibrated policy-simulation gates remain blocked until row-count, issue-comparability, false-match, and observed pre/post comparison requirements pass",codex-source-audit,2026-06-28,0.9500
false-match-reviewed-0048,cand-111b16cca8db,201320884,Intermediary bridge,reviewed-democracy,accepted,true_positive_exact_identifier,"accepted exact-ID cross-venue evidence; not a causal panel clearance; reviewed exact-identifier slice from cross-venue adjudication; broader source-product, source-readiness, and calibrated policy-simulation gates remain blocked until row-count, issue-comparability, false-match, and observed pre/post comparison requirements pass",codex-source-audit,2026-06-28,0.9500
false-match-reviewed-0049,cand-11781c61dfc3,043239354,IRS/ProPublica dark-money bridge,reviewed-democracy,accepted,true_positive_exact_identifier,"accepted exact-ID cross-venue evidence; not a causal panel clearance; reviewed exact-identifier slice from cross-venue adjudication; broader source-product, source-readiness, and calibrated policy-simulation gates remain blocked until row-count, issue-comparability, false-match, and observed pre/post comparison requirements pass",codex-source-audit,2026-06-28,0.9500
false-match-reviewed-0050,cand-11781c61dfc3,043239354,Intermediary bridge,reviewed-democracy,accepted,true_positive_exact_identifier,"accepted exact-ID cross-venue evidence; not a causal panel clearance; reviewed exact-identifier slice from cross-venue adjudication; broader source-product, source-readiness, and calibrated policy-simulation gates remain blocked until row-count, issue-comparability, false-match, and observed pre/post comparison requirements pass",codex-source-audit,2026-06-28,0.9500
false-match-reviewed-0051,cand-000142d2f825,36C24224P0261|36C24224P0261|CUZ9NA3LXFJ5,USAspending agency actions,reviewed-procurement,rejected,false_positive_same_venue_candidate,"not promoted by reviewed cross-venue adjudication; retained to bound linkage risk; reviewed exact-identifier slice from cross-venue adjudication; broader source-product, source-readiness, and calibrated policy-simulation gates remain blocked until row-count, issue-comparability, false-match, and observed pre/post comparison requirements pass",codex-source-audit,2026-06-28,0.0000
false-match-reviewed-0052,cand-000142d2f825,36C24224P0261|36C24224P0261|CUZ9NA3LXFJ5,USAspending national actions,reviewed-procurement,rejected,false_positive_same_venue_candidate,"not promoted by reviewed cross-venue adjudication; retained to bound linkage risk; reviewed exact-identifier slice from cross-venue adjudication; broader source-product, source-readiness, and calibrated policy-simulation gates remain blocked until row-count, issue-comparability, false-match, and observed pre/post comparison requirements pass",codex-source-audit,2026-06-28,0.0000
false-match-reviewed-0053,cand-0091eea1b2bd,W91CRB24C5031|W91CRB24C5031|LJNAJVPB3MW1,USAspending agency actions,reviewed-procurement,rejected,false_positive_same_venue_candidate,"not promoted by reviewed cross-venue adjudication; retained to bound linkage risk; reviewed exact-identifier slice from cross-venue adjudication; broader source-product, source-readiness, and calibrated policy-simulation gates remain blocked until row-count, issue-comparability, false-match, and observed pre/post comparison requirements pass",codex-source-audit,2026-06-28,0.0000
false-match-reviewed-0054,cand-0091eea1b2bd,W91CRB24F5059|W91CRB24F5059|LJNAJVPB3MW1,USAspending agency actions,reviewed-procurement,rejected,false_positive_same_venue_candidate,"not promoted by reviewed cross-venue adjudication; retained to bound linkage risk; reviewed exact-identifier slice from cross-venue adjudication; broader source-product, source-readiness, and calibrated policy-simulation gates remain blocked until row-count, issue-comparability, false-match, and observed pre/post comparison requirements pass",codex-source-audit,2026-06-28,0.0000
false-match-reviewed-0055,cand-0091eea1b2bd,W91CRB24F5137|W91CRB24F5137|LJNAJVPB3MW1,USAspending agency actions,reviewed-procurement,rejected,false_positive_same_venue_candidate,"not promoted by reviewed cross-venue adjudication; retained to bound linkage risk; reviewed exact-identifier slice from cross-venue adjudication; broader source-product, source-readiness, and calibrated policy-simulation gates remain blocked until row-count, issue-comparability, false-match, and observed pre/post comparison requirements pass",codex-source-audit,2026-06-28,0.0000
false-match-reviewed-0056,cand-0091eea1b2bd,W91CRB24F5144|W91CRB24F5144|LJNAJVPB3MW1,USAspending agency actions,reviewed-procurement,rejected,false_positive_same_venue_candidate,"not promoted by reviewed cross-venue adjudication; retained to bound linkage risk; reviewed exact-identifier slice from cross-venue adjudication; broader source-product, source-readiness, and calibrated policy-simulation gates remain blocked until row-count, issue-comparability, false-match, and observed pre/post comparison requirements pass",codex-source-audit,2026-06-28,0.0000
false-match-reviewed-0057,cand-0091eea1b2bd,W91CRB24C5031|W91CRB24C5031|LJNAJVPB3MW1,USAspending national actions,reviewed-procurement,rejected,false_positive_same_venue_candidate,"not promoted by reviewed cross-venue adjudication; retained to bound linkage risk; reviewed exact-identifier slice from cross-venue adjudication; broader source-product, source-readiness, and calibrated policy-simulation gates remain blocked until row-count, issue-comparability, false-match, and observed pre/post comparison requirements pass",codex-source-audit,2026-06-28,0.0000
false-match-reviewed-0058,cand-0091eea1b2bd,W91CRB24F5137|W91CRB24F5137|LJNAJVPB3MW1,USAspending national actions,reviewed-procurement,rejected,false_positive_same_venue_candidate,"not promoted by reviewed cross-venue adjudication; retained to bound linkage risk; reviewed exact-identifier slice from cross-venue adjudication; broader source-product, source-readiness, and calibrated policy-simulation gates remain blocked until row-count, issue-comparability, false-match, and observed pre/post comparison requirements pass",codex-source-audit,2026-06-28,0.0000
false-match-reviewed-0059,cand-00c18ff3930a,47QMCA24F01MX|47QMCA24F01MX|K74VFQ96PKR3,USAspending agency actions,reviewed-procurement,rejected,false_positive_same_venue_candidate,"not promoted by reviewed cross-venue adjudication; retained to bound linkage risk; reviewed exact-identifier slice from cross-venue adjudication; broader source-product, source-readiness, and calibrated policy-simulation gates remain blocked until row-count, issue-comparability, false-match, and observed pre/post comparison requirements pass",codex-source-audit,2026-06-28,0.0000
false-match-reviewed-0060,cand-00c18ff3930a,47QMCA24F01P6|47QMCA24F01P6|K74VFQ96PKR3,USAspending agency actions,reviewed-procurement,rejected,false_positive_same_venue_candidate,"not promoted by reviewed cross-venue adjudication; retained to bound linkage risk; reviewed exact-identifier slice from cross-venue adjudication; broader source-product, source-readiness, and calibrated policy-simulation gates remain blocked until row-count, issue-comparability, false-match, and observed pre/post comparison requirements pass",codex-source-audit,2026-06-28,0.0000
false-match-reviewed-0061,cand-00c18ff3930a,47QMCA24F02XS|47QMCA24F02XS|K74VFQ96PKR3,USAspending agency actions,reviewed-procurement,rejected,false_positive_same_venue_candidate,"not promoted by reviewed cross-venue adjudication; retained to bound linkage risk; reviewed exact-identifier slice from cross-venue adjudication; broader source-product, source-readiness, and calibrated policy-simulation gates remain blocked until row-count, issue-comparability, false-match, and observed pre/post comparison requirements pass",codex-source-audit,2026-06-28,0.0000
false-match-reviewed-0062,cand-00c18ff3930a,47QMCA24F055Z|47QMCA24F055Z|K74VFQ96PKR3,USAspending agency actions,reviewed-procurement,rejected,false_positive_same_venue_candidate,"not promoted by reviewed cross-venue adjudication; retained to bound linkage risk; reviewed exact-identifier slice from cross-venue adjudication; broader source-product, source-readiness, and calibrated policy-simulation gates remain blocked until row-count, issue-comparability, false-match, and observed pre/post comparison requirements pass",codex-source-audit,2026-06-28,0.0000
false-match-reviewed-0063,cand-00c18ff3930a,47QMCA24F05A8|47QMCA24F05A8|K74VFQ96PKR3,USAspending agency actions,reviewed-procurement,rejected,false_positive_same_venue_candidate,"not promoted by reviewed cross-venue adjudication; retained to bound linkage risk; reviewed exact-identifier slice from cross-venue adjudication; broader source-product, source-readiness, and calibrated policy-simulation gates remain blocked until row-count, issue-comparability, false-match, and observed pre/post comparison requirements pass",codex-source-audit,2026-06-28,0.0000
false-match-reviewed-0064,cand-00c18ff3930a,47QMCA24F0BUJ|47QMCA24F0BUJ|K74VFQ96PKR3,USAspending agency actions,reviewed-procurement,rejected,false_positive_same_venue_candidate,"not promoted by reviewed cross-venue adjudication; retained to bound linkage risk; reviewed exact-identifier slice from cross-venue adjudication; broader source-product, source-readiness, and calibrated policy-simulation gates remain blocked until row-count, issue-comparability, false-match, and observed pre/post comparison requirements pass",codex-source-audit,2026-06-28,0.0000
false-match-reviewed-0065,cand-00c18ff3930a,47QMCA24F0CBJ|47QMCA24F0CBJ|K74VFQ96PKR3,USAspending agency actions,reviewed-procurement,rejected,false_positive_same_venue_candidate,"not promoted by reviewed cross-venue adjudication; retained to bound linkage risk; reviewed exact-identifier slice from cross-venue adjudication; broader source-product, source-readiness, and calibrated policy-simulation gates remain blocked until row-count, issue-comparability, false-match, and observed pre/post comparison requirements pass",codex-source-audit,2026-06-28,0.0000
false-match-reviewed-0066,cand-00c18ff3930a,47QMCA24F0CDE|47QMCA24F0CDE|K74VFQ96PKR3,USAspending agency actions,reviewed-procurement,rejected,false_positive_same_venue_candidate,"not promoted by reviewed cross-venue adjudication; retained to bound linkage risk; reviewed exact-identifier slice from cross-venue adjudication; broader source-product, source-readiness, and calibrated policy-simulation gates remain blocked until row-count, issue-comparability, false-match, and observed pre/post comparison requirements pass",codex-source-audit,2026-06-28,0.0000
false-match-reviewed-0067,cand-00c18ff3930a,47QMCA24F0GTF|47QMCA24F0GTF|K74VFQ96PKR3,USAspending agency actions,reviewed-procurement,rejected,false_positive_same_venue_candidate,"not promoted by reviewed cross-venue adjudication; retained to bound linkage risk; reviewed exact-identifier slice from cross-venue adjudication; broader source-product, source-readiness, and calibrated policy-simulation gates remain blocked until row-count, issue-comparability, false-match, and observed pre/post comparison requirements pass",codex-source-audit,2026-06-28,0.0000
false-match-reviewed-0068,cand-00c18ff3930a,47QMCA24F0GTM|47QMCA24F0GTM|K74VFQ96PKR3,USAspending agency actions,reviewed-procurement,rejected,false_positive_same_venue_candidate,"not promoted by reviewed cross-venue adjudication; retained to bound linkage risk; reviewed exact-identifier slice from cross-venue adjudication; broader source-product, source-readiness, and calibrated policy-simulation gates remain blocked until row-count, issue-comparability, false-match, and observed pre/post comparison requirements pass",codex-source-audit,2026-06-28,0.0000
false-match-reviewed-0069,cand-00c18ff3930a,47QMCA24F0GTY|47QMCA24F0GTY|K74VFQ96PKR3,USAspending agency actions,reviewed-procurement,rejected,false_positive_same_venue_candidate,"not promoted by reviewed cross-venue adjudication; retained to bound linkage risk; reviewed exact-identifier slice from cross-venue adjudication; broader source-product, source-readiness, and calibrated policy-simulation gates remain blocked until row-count, issue-comparability, false-match, and observed pre/post comparison requirements pass",codex-source-audit,2026-06-28,0.0000
false-match-reviewed-0070,cand-00c18ff3930a,47QMCA24F0GVD|47QMCA24F0GVD|K74VFQ96PKR3,USAspending agency actions,reviewed-procurement,rejected,false_positive_same_venue_candidate,"not promoted by reviewed cross-venue adjudication; retained to bound linkage risk; reviewed exact-identifier slice from cross-venue adjudication; broader source-product, source-readiness, and calibrated policy-simulation gates remain blocked until row-count, issue-comparability, false-match, and observed pre/post comparison requirements pass",codex-source-audit,2026-06-28,0.0000
false-match-reviewed-0071,cand-00c18ff3930a,47QMCA24F0J7Y|47QMCA24F0J7Y|K74VFQ96PKR3,USAspending agency actions,reviewed-procurement,rejected,false_positive_same_venue_candidate,"not promoted by reviewed cross-venue adjudication; retained to bound linkage risk; reviewed exact-identifier slice from cross-venue adjudication; broader source-product, source-readiness, and calibrated policy-simulation gates remain blocked until row-count, issue-comparability, false-match, and observed pre/post comparison requirements pass",codex-source-audit,2026-06-28,0.0000
false-match-reviewed-0072,cand-00c18ff3930a,47QMCA24F0JAA|47QMCA24F0JAA|K74VFQ96PKR3,USAspending agency actions,reviewed-procurement,rejected,false_positive_same_venue_candidate,"not promoted by reviewed cross-venue adjudication; retained to bound linkage risk; reviewed exact-identifier slice from cross-venue adjudication; broader source-product, source-readiness, and calibrated policy-simulation gates remain blocked until row-count, issue-comparability, false-match, and observed pre/post comparison requirements pass",codex-source-audit,2026-06-28,0.0000
false-match-reviewed-0073,cand-00c18ff3930a,47QMCA24F0JCB|47QMCA24F0JCB|K74VFQ96PKR3,USAspending agency actions,reviewed-procurement,rejected,false_positive_same_venue_candidate,"not promoted by reviewed cross-venue adjudication; retained to bound linkage risk; reviewed exact-identifier slice from cross-venue adjudication; broader source-product, source-readiness, and calibrated policy-simulation gates remain blocked until row-count, issue-comparability, false-match, and observed pre/post comparison requirements pass",codex-source-audit,2026-06-28,0.0000
false-match-reviewed-0074,cand-00c18ff3930a,47QMCA24F0JCH|47QMCA24F0JCH|K74VFQ96PKR3,USAspending agency actions,reviewed-procurement,rejected,false_positive_same_venue_candidate,"not promoted by reviewed cross-venue adjudication; retained to bound linkage risk; reviewed exact-identifier slice from cross-venue adjudication; broader source-product, source-readiness, and calibrated policy-simulation gates remain blocked until row-count, issue-comparability, false-match, and observed pre/post comparison requirements pass",codex-source-audit,2026-06-28,0.0000
false-match-reviewed-0075,cand-00c18ff3930a,47QMCA24F0JDC|47QMCA24F0JDC|K74VFQ96PKR3,USAspending agency actions,reviewed-procurement,rejected,false_positive_same_venue_candidate,"not promoted by reviewed cross-venue adjudication; retained to bound linkage risk; reviewed exact-identifier slice from cross-venue adjudication; broader source-product, source-readiness, and calibrated policy-simulation gates remain blocked until row-count, issue-comparability, false-match, and observed pre/post comparison requirements pass",codex-source-audit,2026-06-28,0.0000
false-match-reviewed-0076,cand-00c18ff3930a,47QMCA24F0JZR|47QMCA24F0JZR|K74VFQ96PKR3,USAspending agency actions,reviewed-procurement,rejected,false_positive_same_venue_candidate,"not promoted by reviewed cross-venue adjudication; retained to bound linkage risk; reviewed exact-identifier slice from cross-venue adjudication; broader source-product, source-readiness, and calibrated policy-simulation gates remain blocked until row-count, issue-comparability, false-match, and observed pre/post comparison requirements pass",codex-source-audit,2026-06-28,0.0000
false-match-reviewed-0077,cand-00c18ff3930a,47QMCA24F0K4S|47QMCA24F0K4S|K74VFQ96PKR3,USAspending agency actions,reviewed-procurement,rejected,false_positive_same_venue_candidate,"not promoted by reviewed cross-venue adjudication; retained to bound linkage risk; reviewed exact-identifier slice from cross-venue adjudication; broader source-product, source-readiness, and calibrated policy-simulation gates remain blocked until row-count, issue-comparability, false-match, and observed pre/post comparison requirements pass",codex-source-audit,2026-06-28,0.0000
false-match-reviewed-0078,cand-00c18ff3930a,47QMCA24F0K4T|47QMCA24F0K4T|K74VFQ96PKR3,USAspending agency actions,reviewed-procurement,rejected,false_positive_same_venue_candidate,"not promoted by reviewed cross-venue adjudication; retained to bound linkage risk; reviewed exact-identifier slice from cross-venue adjudication; broader source-product, source-readiness, and calibrated policy-simulation gates remain blocked until row-count, issue-comparability, false-match, and observed pre/post comparison requirements pass",codex-source-audit,2026-06-28,0.0000
false-match-reviewed-0079,cand-00c18ff3930a,47QMCA24F0KEE|47QMCA24F0KEE|K74VFQ96PKR3,USAspending agency actions,reviewed-procurement,rejected,false_positive_same_venue_candidate,"not promoted by reviewed cross-venue adjudication; retained to bound linkage risk; reviewed exact-identifier slice from cross-venue adjudication; broader source-product, source-readiness, and calibrated policy-simulation gates remain blocked until row-count, issue-comparability, false-match, and observed pre/post comparison requirements pass",codex-source-audit,2026-06-28,0.0000
false-match-reviewed-0080,cand-00c18ff3930a,47QMCA24F0KZK|47QMCA24F0KZK|K74VFQ96PKR3,USAspending agency actions,reviewed-procurement,rejected,false_positive_same_venue_candidate,"not promoted by reviewed cross-venue adjudication; retained to bound linkage risk; reviewed exact-identifier slice from cross-venue adjudication; broader source-product, source-readiness, and calibrated policy-simulation gates remain blocked until row-count, issue-comparability, false-match, and observed pre/post comparison requirements pass",codex-source-audit,2026-06-28,0.0000
false-match-reviewed-0081,cand-00c18ff3930a,47QMCA24F0L6Y|47QMCA24F0L6Y|K74VFQ96PKR3,USAspending agency actions,reviewed-procurement,rejected,false_positive_same_venue_candidate,"not promoted by reviewed cross-venue adjudication; retained to bound linkage risk; reviewed exact-identifier slice from cross-venue adjudication; broader source-product, source-readiness, and calibrated policy-simulation gates remain blocked until row-count, issue-comparability, false-match, and observed pre/post comparison requirements pass",codex-source-audit,2026-06-28,0.0000
false-match-reviewed-0082,cand-00c18ff3930a,47QMCA24F0LCG|47QMCA24F0LCG|K74VFQ96PKR3,USAspending agency actions,reviewed-procurement,rejected,false_positive_same_venue_candidate,"not promoted by reviewed cross-venue adjudication; retained to bound linkage risk; reviewed exact-identifier slice from cross-venue adjudication; broader source-product, source-readiness, and calibrated policy-simulation gates remain blocked until row-count, issue-comparability, false-match, and observed pre/post comparison requirements pass",codex-source-audit,2026-06-28,0.0000
false-match-reviewed-0083,cand-00c18ff3930a,47QMCA24F0LCZ|47QMCA24F0LCZ|K74VFQ96PKR3,USAspending agency actions,reviewed-procurement,rejected,false_positive_same_venue_candidate,"not promoted by reviewed cross-venue adjudication; retained to bound linkage risk; reviewed exact-identifier slice from cross-venue adjudication; broader source-product, source-readiness, and calibrated policy-simulation gates remain blocked until row-count, issue-comparability, false-match, and observed pre/post comparison requirements pass",codex-source-audit,2026-06-28,0.0000
false-match-reviewed-0084,cand-00c18ff3930a,47QMCA24F0LMM|47QMCA24F0LMM|K74VFQ96PKR3,USAspending agency actions,reviewed-procurement,rejected,false_positive_same_venue_candidate,"not promoted by reviewed cross-venue adjudication; retained to bound linkage risk; reviewed exact-identifier slice from cross-venue adjudication; broader source-product, source-readiness, and calibrated policy-simulation gates remain blocked until row-count, issue-comparability, false-match, and observed pre/post comparison requirements pass",codex-source-audit,2026-06-28,0.0000
false-match-reviewed-0085,cand-00c18ff3930a,47QMCA24F0LP6|47QMCA24F0LP6|K74VFQ96PKR3,USAspending agency actions,reviewed-procurement,rejected,false_positive_same_venue_candidate,"not promoted by reviewed cross-venue adjudication; retained to bound linkage risk; reviewed exact-identifier slice from cross-venue adjudication; broader source-product, source-readiness, and calibrated policy-simulation gates remain blocked until row-count, issue-comparability, false-match, and observed pre/post comparison requirements pass",codex-source-audit,2026-06-28,0.0000
false-match-reviewed-0086,cand-00c18ff3930a,47QMCA24F0M1Z|47QMCA24F0M1Z|K74VFQ96PKR3,USAspending agency actions,reviewed-procurement,rejected,false_positive_same_venue_candidate,"not promoted by reviewed cross-venue adjudication; retained to bound linkage risk; reviewed exact-identifier slice from cross-venue adjudication; broader source-product, source-readiness, and calibrated policy-simulation gates remain blocked until row-count, issue-comparability, false-match, and observed pre/post comparison requirements pass",codex-source-audit,2026-06-28,0.0000
false-match-reviewed-0087,cand-00c18ff3930a,47QMCA24F0MMA|47QMCA24F0MMA|K74VFQ96PKR3,USAspending agency actions,reviewed-procurement,rejected,false_positive_same_venue_candidate,"not promoted by reviewed cross-venue adjudication; retained to bound linkage risk; reviewed exact-identifier slice from cross-venue adjudication; broader source-product, source-readiness, and calibrated policy-simulation gates remain blocked until row-count, issue-comparability, false-match, and observed pre/post comparison requirements pass",codex-source-audit,2026-06-28,0.0000
false-match-reviewed-0088,cand-00c18ff3930a,47QMCA24F0MR5|47QMCA24F0MR5|K74VFQ96PKR3,USAspending agency actions,reviewed-procurement,rejected,false_positive_same_venue_candidate,"not promoted by reviewed cross-venue adjudication; retained to bound linkage risk; reviewed exact-identifier slice from cross-venue adjudication; broader source-product, source-readiness, and calibrated policy-simulation gates remain blocked until row-count, issue-comparability, false-match, and observed pre/post comparison requirements pass",codex-source-audit,2026-06-28,0.0000
false-match-reviewed-0089,cand-00c18ff3930a,47QMCA24F0MV4|47QMCA24F0MV4|K74VFQ96PKR3,USAspending agency actions,reviewed-procurement,rejected,false_positive_same_venue_candidate,"not promoted by reviewed cross-venue adjudication; retained to bound linkage risk; reviewed exact-identifier slice from cross-venue adjudication; broader source-product, source-readiness, and calibrated policy-simulation gates remain blocked until row-count, issue-comparability, false-match, and observed pre/post comparison requirements pass",codex-source-audit,2026-06-28,0.0000
false-match-reviewed-0090,cand-00c18ff3930a,47QMCA24F0CDE|47QMCA24F0CDE|K74VFQ96PKR3,USAspending national actions,reviewed-procurement,rejected,false_positive_same_venue_candidate,"not promoted by reviewed cross-venue adjudication; retained to bound linkage risk; reviewed exact-identifier slice from cross-venue adjudication; broader source-product, source-readiness, and calibrated policy-simulation gates remain blocked until row-count, issue-comparability, false-match, and observed pre/post comparison requirements pass",codex-source-audit,2026-06-28,0.0000
false-match-reviewed-0091,cand-00c18ff3930a,47QMCA24F0MR5|47QMCA24F0MR5|K74VFQ96PKR3,USAspending national actions,reviewed-procurement,rejected,false_positive_same_venue_candidate,"not promoted by reviewed cross-venue adjudication; retained to bound linkage risk; reviewed exact-identifier slice from cross-venue adjudication; broader source-product, source-readiness, and calibrated policy-simulation gates remain blocked until row-count, issue-comparability, false-match, and observed pre/post comparison requirements pass",codex-source-audit,2026-06-28,0.0000
false-match-reviewed-0092,cand-0324bc05b683,1331L520C13210007|1331L520C13210007|XE8KLB3SCAN9,USAspending agency actions,reviewed-procurement,rejected,false_positive_same_venue_candidate,"not promoted by reviewed cross-venue adjudication; retained to bound linkage risk; reviewed exact-identifier slice from cross-venue adjudication; broader source-product, source-readiness, and calibrated policy-simulation gates remain blocked until row-count, issue-comparability, false-match, and observed pre/post comparison requirements pass",codex-source-audit,2026-06-28,0.0000
false-match-reviewed-0093,cand-0324bc05b683,1331L520C13OS0030|1331L520C13OS0030|XE8KLB3SCAN9,USAspending agency actions,reviewed-procurement,rejected,false_positive_same_venue_candidate,"not promoted by reviewed cross-venue adjudication; retained to bound linkage risk; reviewed exact-identifier slice from cross-venue adjudication; broader source-product, source-readiness, and calibrated policy-simulation gates remain blocked until row-count, issue-comparability, false-match, and observed pre/post comparison requirements pass",codex-source-audit,2026-06-28,0.0000
false-match-reviewed-0094,cand-0324bc05b683,693JK419C500008|693JK419C500008|XE8KLB3SCAN9,USAspending agency actions,reviewed-procurement,rejected,false_positive_same_venue_candidate,"not promoted by reviewed cross-venue adjudication; retained to bound linkage risk; reviewed exact-identifier slice from cross-venue adjudication; broader source-product, source-readiness, and calibrated policy-simulation gates remain blocked until row-count, issue-comparability, false-match, and observed pre/post comparison requirements pass",codex-source-audit,2026-06-28,0.0000
false-match-reviewed-0095,cand-0324bc05b683,89603020C0010|89603020C0010|XE8KLB3SCAN9,USAspending agency actions,reviewed-procurement,rejected,false_positive_same_venue_candidate,"not promoted by reviewed cross-venue adjudication; retained to bound linkage risk; reviewed exact-identifier slice from cross-venue adjudication; broader source-product, source-readiness, and calibrated policy-simulation gates remain blocked until row-count, issue-comparability, false-match, and observed pre/post comparison requirements pass",codex-source-audit,2026-06-28,0.0000
false-match-reviewed-0096,cand-0324bc05b683,EPW17024|EPW17024|XE8KLB3SCAN9,USAspending awards,reviewed-procurement,rejected,false_positive_same_venue_candidate,"not promoted by reviewed cross-venue adjudication; retained to bound linkage risk; reviewed exact-identifier slice from cross-venue adjudication; broader source-product, source-readiness, and calibrated policy-simulation gates remain blocked until row-count, issue-comparability, false-match, and observed pre/post comparison requirements pass",codex-source-audit,2026-06-28,0.0000
false-match-reviewed-0097,cand-0351fccc2dc9,N6274224F4025|N6274224F4025|VRDADEV476J3,USAspending agency actions,reviewed-procurement,rejected,false_positive_same_venue_candidate,"not promoted by reviewed cross-venue adjudication; retained to bound linkage risk; reviewed exact-identifier slice from cross-venue adjudication; broader source-product, source-readiness, and calibrated policy-simulation gates remain blocked until row-count, issue-comparability, false-match, and observed pre/post comparison requirements pass",codex-source-audit,2026-06-28,0.0000
false-match-reviewed-0098,cand-0351fccc2dc9,N6274224F4025|N6274224F4025|VRDADEV476J3,USAspending national actions,reviewed-procurement,rejected,false_positive_same_venue_candidate,"not promoted by reviewed cross-venue adjudication; retained to bound linkage risk; reviewed exact-identifier slice from cross-venue adjudication; broader source-product, source-readiness, and calibrated policy-simulation gates remain blocked until row-count, issue-comparability, false-match, and observed pre/post comparison requirements pass",codex-source-audit,2026-06-28,0.0000
false-match-reviewed-0099,cand-036099dceaa4,520892064,Intermediary bridge,reviewed-democracy,rejected,held_identifier_evidence_incomplete,"not promoted by reviewed cross-venue adjudication; retained to bound linkage risk; reviewed exact-identifier slice from cross-venue adjudication; broader source-product, source-readiness, and calibrated policy-simulation gates remain blocked until row-count, issue-comparability, false-match, and observed pre/post comparison requirements pass",codex-source-audit,2026-06-28,0.0000
false-match-reviewed-0100,cand-036099dceaa4,NNA16BD14C|NNA16BD14C|VPWMMPGGPJ74,USAspending agency actions,reviewed-procurement,rejected,held_identifier_evidence_incomplete,"not promoted by reviewed cross-venue adjudication; retained to bound linkage risk; reviewed exact-identifier slice from cross-venue adjudication; broader source-product, source-readiness, and calibrated policy-simulation gates remain blocked until row-count, issue-comparability, false-match, and observed pre/post comparison requirements pass",codex-source-audit,2026-06-28,0.0000
